asian,cuisine
beverage,dish
biryani,dish
boneless,dish
bruschetta,dish
burger,dish
butter chicken,dish
cabbage,dish
cake,dish
canneloni,dish
cheese,ingredient
chicken,ingredient
chicken bhuna,dish
chicken biryani,dish
chicken burger,dish
chicken sandwich,dish
chipotle,dish
coconut,ingredient
cold drink,dish
compote,dish
corn,ingredient
crumbed,dish
dessert,course
dinner,course
drink,drink
dum biryani,dish
falafel,dish
fish,ingredient
fish fingers,dish
fried,preparation
fried rice,dish
garlic,ingredient
garlic bread,dish
gosht,dish
gosht biryani,dish
harissa,dish
ice tea,dish
iced tea,drink
italian,cuisine
kefta,dish
kheema,dish
kofta,dish
lamb,ingredient
lunch,course
mai course,dish
main course,course
minced,preparation
mousse,dish
murg,dish
murgh,dish
murgh makhani,dish
mushroom bruschetta,dish
mutton,ingredient
mutton biryani,dish
nonveg,ingredient
olive oil,dish
orange,ingredient
paneer,ingredient
paneer biryani,dish
parsi,cuisine
pasta,dish
pasta salad,dish
pineapple,ingredient
potato,ingredient
qeema,dish
red wine,dish
rice,ingredient
salad,dish
seafood,ingredient
seafoood,dish
snacks,course
spicy,taste
sponge cake,dish
spring roll,dish
starters,dish
stir fried,preparation
stir fry,dish
stuffed,preparation
stuffed chicken,dish
sub,dish
sweet,taste
tomato,ingredient
veg,ingredient
veg biryani,dish
veg burger,dish
veg sandwich,dish
veg sub,dish
wheat,dish
wheat salad,dish
white chocolate,ingredient
wine,drink
chicken salad,dish
chocolate,ingredient
grilled,preparation
mushroom,ingredient
oriental,dish
peach,ingredient
sandwich,dish
sangria,drink
sun dried tomato,dish